"Child Name","Child Gender","Child Birthday","Parent Account_id","Parent Name","Parent Email","Parent Prefecture","Parent Registered Date"
"Child Name","Child Gender","Child Birthday","Parent Account_id","Parent Name","Parent Email","Parent Prefecture","Parent Registered Date"
"hd3","1","2018-11-04","187","HD","hd10@mailinator.com","宮城県","2018-11-09 10:46:35"
"HD1","1","2018-11-09","188","HD","hd11@mailinator.com","宮城県","2018-11-09 11:16:15"
"Hd1","1","2018-11-08","193","Hd","hd60@mailinator.com","秋田県","2018-11-09 14:34:20"
"con 2","1","2018-11-04","197","cha me","vd104@mailinator.com","京都府","2018-11-09 15:04:43"
"fda","1","2018-11-04","197","cha me","vd104@mailinator.com","京都府","2018-11-09 15:04:43"
"Student 1","1","2018-11-04","201","Cha me","vd105@mailinator.com","三重県","2018-11-09 16:30:10"
"con 2","1","2018-11-04","201","Cha me","vd105@mailinator.com","三重県","2018-11-09 16:30:10"
"hd2","1","2018-11-04","204","HD","hd66@mailinator.com","秋田県","2018-11-12 07:55:36"
"con 1","1","2018-11-04","206","cha me","vd66@yopmail.com","京都府","2018-11-12 08:20:14"
"Con 2","1","2018-11-04","207","cha me","vd67@yopmail.com","京都府","2018-11-12 08:46:24"
"con1","1","2019-02-18","219","D1","d1@yopmail.com","宮城県","2019-02-18 10:26:25"
"con 3","1","2018-11-04","219","D1","d1@yopmail.com","宮城県","2019-02-18 10:26:25"
"dung school","1","2019-03-19","221","Cha","d2@yopmail.com","京都府","2019-03-18 23:15:03"
"Dung School KH_4","1","2019-03-25","180","Nguyen Van Pa","zxzx@yopmail.com","和歌山県","2018-10-15 12:31:28"
"Con 1","1","2019-09-02","224","Dung","d3@yopmail.com","北海道","2019-05-02 13:24:56"
